ID,Company Name,Website,Country,Business Type,Contact Person,Email,Instagram,Facebook,LinkedIn,WhatsApp,Why Potential Customer,Personalized Message
1,Doyoueven,https://www.doyoueven.com,Australia,Fitness Brand,,contact@doyoueven.com,https://instagram.com/doyoueven,https://facebook.com/doyoueven,https://www.linkedin.com/company/doyoueven,,"Rapidly growing fitness apparel brand that frequently introduces new product lines and could benefit from reliable private label manufacturing.","Hi Doyoueven Team, I love your recent seamless collections! I represent Noor Layers MFG, a custom clothing manufacturer based in Pakistan. We specialize in high-quality sportswear and custom activewear. If you are looking to diversify your manufacturing partners, we would love to connect. Check us out at https://website-bulid-six.vercel.app."
2,Echt,https://echt.com.au,Australia,Fitness Apparel,Jeremy Lay,support@echt.com.au,https://instagram.com/echt_apparel,https://facebook.com/echtapparel,https://www.linkedin.com/company/echt-apparel,,"Echt requires high volumes of activewear and tracksuits, making them a prime candidate for a dedicated manufacturer in Pakistan.","Hi Jeremy, I am a big fan of Echt's performance wear. At Noor Layers MFG in Pakistan, we manufacture premium tracksuits and custom sportswear. If you ever need reliable manufacturing capacity for your growing demand, please visit https://website-bulid-six.vercel.app."
3,Ryderwear,https://www.ryderwear.com,Australia,Gym Wear,David Lukic,support@ryderwear.com.au,https://instagram.com/ryderwear,https://facebook.com/ryderwear,https://www.linkedin.com/company/ryderwear,,"Strong global presence in the bodybuilding space, requiring durable, custom-fit apparel.","Hi David, your lifting shoes and apparel are iconic in the gym community. Noor Layers MFG specializes in custom fitness apparel manufacturing from Pakistan. We would love to discuss potential production partnerships. See our work at https://website-bulid-six.vercel.app."
4,STAX.,https://stax.com.au,Australia,Activewear Brand,Don Robertson,info@stax.com.au,https://instagram.com/staxofficial_,https://facebook.com/staxofficial,https://www.linkedin.com/company/stax-official,,"STAX. drops limited collections and requires agile manufacturing for their seamless and custom streetwear lines.","Hi Don, incredible work on the recent STAX. drops! We are Noor Layers MFG, a custom manufacturer based in Pakistan specializing in premium activewear and streetwear. Let us know if you need to scale production: https://website-bulid-six.vercel.app."
5,YoungLA,https://www.youngla.com,USA,Men's Fitness/Streetwear,Gurmer Chopra,support@youngla.com,https://instagram.com/youngla,https://facebook.com/youngla,https://www.linkedin.com/company/youngla,,"Explosive growth in the US market, constantly expanding their product catalog with hoodies, tees, and joggers.","Hi Gurmer, the growth of YoungLA is inspiring. Noor Layers MFG in Pakistan specializes in custom hoodies, joggers, and streetwear. If you are looking for new manufacturing channels to support your volume, please check us out: https://website-bulid-six.vercel.app."
6,Alphalete Athletics,https://alphaleteathletics.com,USA,Fitness Apparel,Christian Guzman,support@alphaleteathletics.com,https://instagram.com/alphalete,https://facebook.com/alphaleteathletics,https://www.linkedin.com/company/alphalete-athletics,,"Frequently restock custom-cut activewear and streetwear, requiring high-quality manufacturing at scale.","Hi Christian, we love Alphalete's commitment to quality. At Noor Layers MFG, we manufacture top-tier custom activewear and streetwear in Pakistan. We would be thrilled to provide you with a sample run. Learn more: https://website-bulid-six.vercel.app."
7,Inaka Power,https://inakapower.com,USA,Gym Lifestyle Brand,Shawley Coker,info@inakapower.com,https://instagram.com/inakapower,https://facebook.com/inakapower,,,"Known for custom mesh shorts and bold designs, they need manufacturers skilled in activewear customization.","Hi Shawley, Inaka Power's drops always sell out fast! Noor Layers MFG in Pakistan produces premium mesh shorts, hoodies, and activewear. If you need a reliable manufacturing partner to keep up with demand, visit https://website-bulid-six.vercel.app."
8,Rawgear,https://www.rawgear.com,USA,Streetwear / Fitness,Bradley Martyn,support@rawgear.com,https://instagram.com/rawgear,https://facebook.com/rawgear,https://www.linkedin.com/company/rawgear,,"Offers a wide range of custom hoodies, t-shirts, and tracksuits, which perfectly aligns with Noor Layers MFG.","Hi Bradley, we admire Rawgear's dominance in the fitness-streetwear space. Noor Layers MFG manufactures high-quality custom hoodies and streetwear in Pakistan. Let's connect if you're looking to scale production! https://website-bulid-six.vercel.app."
9,Represent Clo,https://representclo.com,UK,Luxury Streetwear,George Heaton,info@representclo.com,https://instagram.com/representclo,https://facebook.com/representclo,https://www.linkedin.com/company/represent-clothing,,"As a luxury streetwear brand, they need highly detailed manufacturing for heavy hoodies and custom tees.","Hi George, Represent's quality is unmatched. Noor Layers MFG specializes in premium heavyweight hoodies and custom streetwear in Pakistan. If you're ever exploring new manufacturing hubs, we'd love to show you our work: https://website-bulid-six.vercel.app."
10,Cole Buxton,https://colebuxton.com,UK,Athletic Luxury,Cole Buxton,info@colebuxton.com,https://instagram.com/colebuxton,https://facebook.com/colebuxton,https://www.linkedin.com/company/cole-buxton,,"Focus on athletic essentialism requires high-grade cotton and precise manufacturing for hoodies and joggers.","Hi Cole, your approach to athletic luxury is incredible. At Noor Layers MFG in Pakistan, we manufacture heavyweight cotton hoodies and joggers. We'd be honored to discuss custom manufacturing for future collections. Visit https://website-bulid-six.vercel.app."
11,P&Co,https://pand.co,UK,Lifestyle / Streetwear,"Clark & Tim",hello@pand.co,https://instagram.com/pandco,https://facebook.com/pandco,https://www.linkedin.com/company/p&co,,"They sell a lot of graphic t-shirts and custom jackets, which Noor Layers MFG can produce efficiently.","Hi P&Co Team, your lifestyle gear and custom jackets are amazing. Noor Layers MFG is a custom apparel manufacturer in Pakistan. We excel in custom jackets and printed tees. Check out our capabilities at https://website-bulid-six.vercel.app."
12,MKI MIYUKI ZOKU,https://www.mkistore.co.uk,UK,Streetwear,Vik Tailor,info@mkistore.com,https://instagram.com/mkimiyukizoku,https://facebook.com/mkistore,https://www.linkedin.com/company/mki-miyuki-zoku,,"They produce minimalist streetwear including hoodies and varsity jackets, which are core competencies of Noor Layers MFG.","Hi Vik, MKI's minimalist designs are superb. We manufacture premium hoodies, varsity jackets, and streetwear at Noor Layers MFG in Pakistan. If you're looking to source high-quality garments, please see https://website-bulid-six.vercel.app."
13,Raised By Wolves,https://raisedbywolves.ca,Canada,Streetwear,Pete Williams,info@raisedbywolves.ca,https://instagram.com/raisedbywolves,https://facebook.com/raisedbywolves,https://www.linkedin.com/company/raised-by-wolves,,"They offer premium streetwear clothing requiring high-quality fleece and cotton manufacturing.","Hi Pete, Raised By Wolves consistently drops great collections. We are Noor Layers MFG, a custom manufacturer in Pakistan focused on premium streetwear and fleece. We'd love to support your production needs: https://website-bulid-six.vercel.app."
14,Dime,https://dimemtl.com,Canada,Skate/Streetwear,Antoine Asselin,info@dimemtl.com,https://instagram.com/dimemtl,https://facebook.com/dimemtl,https://www.linkedin.com/company/dime-mtl,,"Dime needs consistent supply of custom t-shirts, hoodies, and jackets for their skate-focused apparel line.","Hi Antoine, Dime's skate gear is legendary. At Noor Layers MFG in Pakistan, we manufacture durable custom hoodies, tees, and jackets for streetwear brands. Let's connect to discuss production: https://website-bulid-six.vercel.app."
15,Kuwalla Tee,https://kuwallatee.com,Canada,Essential Basics,"Yaniv, Dan & Oren",info@kuwallatee.com,https://instagram.com/kuwallatee,https://facebook.com/kuwallatee,https://www.linkedin.com/company/kuwalla-tee,,"They focus on premium basics, requiring reliable and ethical manufacturing for large volumes of tees and sweats.","Hi Kuwalla Tee Team, we love your focus on premium basics. Noor Layers MFG in Pakistan produces high-quality essential wear, tees, and tracksuits. If you need a reliable wholesale manufacturing partner, please visit https://website-bulid-six.vercel.app."
16,Adanola,https://adanola.com,UK,Women's Activewear,Hyrum Cook,hello@adanola.com,https://instagram.com/adanola,https://facebook.com/adanola,https://www.linkedin.com/company/adanola,,"A fast-growing everyday activewear brand needing scalable production for leggings, hoodies, and tees.","Hi Hyrum, Adanola's growth is phenomenal! At Noor Layers MFG in Pakistan, we specialize in high-quality custom activewear and hoodies. If you need to expand your manufacturing network, check us out at https://website-bulid-six.vercel.app."
17,TALA,https://wearetala.com,UK,Sustainable Activewear,Grace Beverley,hello@wearetala.com,https://instagram.com/wearetala,https://facebook.com/wearetala,https://www.linkedin.com/company/wearetala,,"They require specialized manufacturing for activewear and might be looking for efficient offshore production partners.","Hi Grace, TALA's mission is inspiring. Noor Layers MFG in Pakistan offers premium activewear manufacturing. We'd love to discuss how our custom apparel services can support your next collection. See more at https://website-bulid-six.vercel.app."
18,Oner Active,https://oneractive.com,UK,Women's Strength Wear,Krissy Cela,support@oneractive.com,https://instagram.com/oneractive,https://facebook.com/oneractive,https://www.linkedin.com/company/oner-active,,"They sell huge volumes of strength training activewear and frequently run out of stock, indicating a need for high-capacity manufacturers.","Hi Krissy, Oner Active is making huge waves in strength wear. Noor Layers MFG is a custom sportswear manufacturer in Pakistan ready to help scale your production. Let's talk about manufacturing solutions: https://website-bulid-six.vercel.app."
19,Gym King,https://thegymking.com,UK,Fitness / Athleisure,Jay Parker,customerservice@thegymking.com,https://instagram.com/gymking,https://facebook.com/gymking,https://www.linkedin.com/company/the-gym-king,,"They are a major player in athleisure, needing continuous manufacturing of tracksuits, tees, and jackets.","Hi Jay, Gym King's athleisure lines are top-tier. At Noor Layers MFG in Pakistan, we specialize in high-volume, premium tracksuits and custom sportswear. If you are exploring new manufacturing partners, please visit https://website-bulid-six.vercel.app."
20,Vanquish Fitness,https://www.vqfit.com,UK,Fitness Apparel,"Oliver & Ruben",help@vqfit.com,https://instagram.com/vqfit,https://facebook.com/vqfit,https://www.linkedin.com/company/vanquish-fitness,,"A globally recognized fitness brand that requires massive output of custom-fit tees, hoodies, and sweatpants.","Hi Vanquish Team, your fitness apparel sets the standard. We are Noor Layers MFG, a custom apparel manufacturer based in Pakistan specializing in gym wear and tracksuits. We'd love to send you some samples. Check us out: https://website-bulid-six.vercel.app."
21,Pursue Fitness,https://www.pursuefitness.co.uk,UK,Gym & Lifestyle,Michael Hughes,support@pursuefitness.co.uk,https://instagram.com/pursuefitness,https://facebook.com/pursuefitness,https://www.linkedin.com/company/pursue-fitness,,"They offer premium gym wear and lifestyle clothing, exactly matching Noor Layers MFG's expertise.","Hi Michael, Pursue Fitness offers incredible lifestyle gear. Noor Layers MFG in Pakistan manufactures premium custom hoodies, tracksuits, and activewear. We would be a great manufacturing partner for you: https://website-bulid-six.vercel.app."
22,GASP,https://www.gaspofficial.com,Sweden,Bodybuilding Apparel,Michael Johansson,support@gaspofficial.com,https://instagram.com/officialgasp,https://facebook.com/gaspofficial,https://www.linkedin.com/company/gasp-better-bodies,,"A niche bodybuilding brand that requires very specific, durable, oversized custom clothing.","Hi Michael, GASP's no-compromise bodybuilding gear is iconic. Noor Layers MFG in Pakistan specializes in heavy-duty custom sportswear and apparel. We can manufacture to your exact specifications. Visit https://website-bulid-six.vercel.app."
23,Better Bodies,https://www.betterbodies.com,Sweden,Fitness Apparel,Michael Johansson,support@betterbodies.com,https://instagram.com/officialbetterbodies,https://facebook.com/betterbodies,https://www.linkedin.com/company/gasp-better-bodies,,"Sister brand to GASP, needing high-quality fitness and lifestyle apparel manufacturing.","Hi Better Bodies Team, your fitness wear is world-class. At Noor Layers MFG in Pakistan, we manufacture premium activewear and lifestyle garments. If you need a robust manufacturing partner, check our work at https://website-bulid-six.vercel.app."
24,Les Deux,https://lesdeux.com,Denmark,Premium Menswear,Andreas von der Heide,customercare@lesdeux.com,https://instagram.com/lesdeux,https://facebook.com/lesdeux,https://www.linkedin.com/company/les-deux-aps,,"They mix streetwear with preppy styles, often needing custom jackets, tracksuits, and tees.","Hi Andreas, Les Deux perfectly bridges streetwear and menswear. We are Noor Layers MFG, a custom apparel manufacturer in Pakistan. We specialize in custom jackets and premium tees. Let's connect: https://website-bulid-six.vercel.app."
25,Daily Paper,https://dailypaperclothing.com,Netherlands,Streetwear,"Hussein, Jefferson & Abderrahmane",info@dailypaperclothing.com,https://instagram.com/dailypaper,https://facebook.com/dailypaper,https://www.linkedin.com/company/daily-paper,,"A major European streetwear brand that requires diverse manufacturing for custom jackets, hoodies, and tees.","Hi Daily Paper Team, your collections are globally recognized! Noor Layers MFG in Pakistan manufactures premium custom streetwear, jackets, and hoodies. If you are looking for scalable production, visit us at https://website-bulid-six.vercel.app."
26,Olaf Hussein,https://olafhussein.com,Netherlands,Contemporary Menswear,Olaf Hussein,info@olafhussein.com,https://instagram.com/olafhussein,https://facebook.com/olafhussein,https://www.linkedin.com/company/olaf-hussein,,"They create high-end contemporary streetwear and need reliable manufacturing for premium cotton garments.","Hi Olaf, your contemporary menswear designs are brilliant. At Noor Layers MFG in Pakistan, we manufacture premium custom hoodies, t-shirts, and apparel. We'd be thrilled to discuss production partnerships: https://website-bulid-six.vercel.app."
27,Patta,https://patta.nl,Netherlands,Streetwear / Sneakers,Edson Sabajo,info@patta.nl,https://instagram.com/patta_nl,https://facebook.com/patta.nl,https://www.linkedin.com/company/patta-b.v.,,"Patta produces highly sought-after streetwear and tracksuits, matching Noor Layers MFG's capabilities.","Hi Edson, Patta is a staple in the streetwear culture. Noor Layers MFG is a custom manufacturer in Pakistan specializing in premium tracksuits, jackets, and streetwear. We would love to collaborate on manufacturing: https://website-bulid-six.vercel.app."
28,Pegador,https://pegadorfashion.com,Germany,Streetwear,Armin,support@pegadorfashion.com,https://instagram.com/pegador,https://facebook.com/pegadorfashion,https://www.linkedin.com/company/pegador,,"A highly successful German streetwear brand specializing in oversized hoodies, tees, and tracksuits.","Hi Armin, Pegador's oversized streetwear fits are incredible. At Noor Layers MFG in Pakistan, we specialize in high-quality custom hoodies and streetwear manufacturing. Let's discuss how we can support your growth: https://website-bulid-six.vercel.app."
29,Peso Clo,https://pesoclo.com,Germany,Streetwear,Justin Fuchs,support@pesoclo.com,https://instagram.com/pesoclo,https://facebook.com/pesoclo,https://www.linkedin.com/company/peso-clothing,,"They do massive streetwear drops that sell out instantly, requiring rapid, high-volume manufacturing.","Hi Justin, the hype around Peso Clo is unmatched. We are Noor Layers MFG, a custom clothing manufacturer in Pakistan. We have the capacity to handle high-volume, premium streetwear drops. Check us out: https://website-bulid-six.vercel.app."
30,LFDY (Live Fast Die Young),https://livefastdieyoung.com,Germany,Streetwear,Lorenz,info@livefastdieyoung.com,https://instagram.com/lfdy,https://facebook.com/lfdy,https://www.linkedin.com/company/live-fast-die-young,,"One of Germany's top streetwear labels, known for heavy graphic tees and hoodies.","Hi LFDY Team, your streetwear collections dominate the market. Noor Layers MFG in Pakistan manufactures premium hoodies, graphic tees, and custom apparel. We'd love to be one of your trusted manufacturing partners. Visit https://website-bulid-six.vercel.app."
31,DRÔLE DE MONSIEUR,https://droledemonsieur.com,France,Premium Streetwear,"Dany & Maxime",contact@droledemonsieur.com,https://instagram.com/droledemonsieur,https://facebook.com/droledemonsieur,https://www.linkedin.com/company/drole-de-monsieur,,"They focus on luxury streetwear including tracksuits and hoodies, which requires high attention to detail.","Hi Dany and Maxime, Not From Paris Madame is iconic. At Noor Layers MFG in Pakistan, we manufacture luxury-grade custom tracksuits, hoodies, and jackets. We'd be honored to craft for you. Discover more: https://website-bulid-six.vercel.app."
32,Project X Paris,https://www.projectxparis.com,France,Urban Streetwear,"Maxime & Jimmy",contact@projectxparis.com,https://instagram.com/projectxparis,https://facebook.com/projectxparis,https://www.linkedin.com/company/project-x-paris,,"They produce high volumes of tracksuits, hoodies, and urban wear for the European market.","Hi Project X Paris Team, your urban wear is taking over Europe. Noor Layers MFG is a custom apparel manufacturer in Pakistan specializing in tracksuits and streetwear. Let's discuss high-volume production: https://website-bulid-six.vercel.app."
33,Squatwolf,https://squatwolf.com,UAE,Premium Gym Wear,Wajdan Gul,support@squatwolf.com,https://instagram.com/squatwolf,https://facebook.com/squatwolf,https://www.linkedin.com/company/squatwolf,,"A leading gym wear brand in the Middle East that requires continuous manufacturing of performance activewear.","Hi Wajdan, Squatwolf's premium gym wear is phenomenal. Based in Pakistan, Noor Layers MFG manufactures high-quality custom activewear and sportswear. We are perfectly positioned to support your supply chain. See more at https://website-bulid-six.vercel.app."
34,Gym Clothing Co.,https://gymclothingco.com,UAE,Fitness Apparel,Jamie,info@gymclothingco.com,https://instagram.com/gymclothingco,https://facebook.com/gymclothingco,https://www.linkedin.com/company/gym-clothing-co,,"They supply athletes and gyms in Dubai, needing a reliable source of custom activewear.","Hi Jamie, we love Gym Clothing Co.'s gear! At Noor Layers MFG in Pakistan, we specialize in high-quality, custom activewear and t-shirts. We can offer you competitive pricing for your growing brand. Visit https://website-bulid-six.vercel.app."
35,The Giving Movement,https://thegivingmovement.com,UAE,Sustainable Athleisure,Dominic Nowell-Barnes,customercare@thegivingmovement.com,https://instagram.com/thegivingmovement,https://facebook.com/thegivingmovement,https://www.linkedin.com/company/the-giving-movement,,"They have scaled massively in the UAE, producing athleisure and streetwear that aligns with our manufacturing capabilities.","Hi Dominic, The Giving Movement's rapid growth is inspiring. Noor Layers MFG in Pakistan manufactures premium athleisure and streetwear. We'd love to discuss how our manufacturing can support your global expansion. Details: https://website-bulid-six.vercel.app."
36,Kith,https://kith.com,USA,Streetwear / Lifestyle,Ronnie Fieg,customerservice@kith.com,https://instagram.com/kith,https://facebook.com/kith,https://www.linkedin.com/company/kith-nyc,,"Constantly need diverse manufacturing for their vast in-house collections of hoodies, jackets, and tees.","Hi Ronnie, Kith's collections set the global standard. At Noor Layers MFG in Pakistan, we craft premium custom streetwear, jackets, and hoodies. If you're ever exploring new boutique manufacturing partners, please see https://website-bulid-six.vercel.app."
37,Aime Leon Dore,https://aimeleondore.com,USA,Streetwear / Menswear,Teddy Santis,info@aimeleondore.com,https://instagram.com/aimeleondore,https://facebook.com/aimeleondore,https://www.linkedin.com/company/aime-leon-dore,,"They focus on high-quality fabrics and tailored fits, requiring top-tier manufacturing for jackets and sportswear.","Hi Teddy, Aimé Leon Dore's aesthetic is unmatched. Noor Layers MFG manufactures high-end custom apparel, jackets, and sportswear in Pakistan. We'd be honored to show you our manufacturing quality. Visit https://website-bulid-six.vercel.app."
38,Hidden NY,https://hiddenppf.com,USA,Streetwear,Hidden,support@hiddenppf.com,https://instagram.com/hidden.ny,,,,"They transitioned from a moodboard to a full-fledged brand, dropping massive collections of custom tees and hoodies.","Hi Hidden team, the transition from moodboard to a global brand is legendary. At Noor Layers MFG in Pakistan, we manufacture premium custom hoodies, socks, and tees. Let us support your next big drop: https://website-bulid-six.vercel.app."
39,Corteiz,https://crtz.xyz,UK,Streetwear,Clint,info@crtz.xyz,https://instagram.com/crtz.rtw,,,,"A massive cultural streetwear brand in the UK needing high volumes of custom tracksuits and hoodies.","Hi Clint, Corteiz runs the world right now. Noor Layers MFG in Pakistan produces heavy-duty custom tracksuits, cargos, and hoodies. If you need reliable production for your drops, check our work: https://website-bulid-six.vercel.app."
40,Clints Inc,https://clints.co,UK,Streetwear / Footwear,Junior Clint,info@clints.co,https://instagram.com/clintsinc,https://facebook.com/clintsinc,https://www.linkedin.com/company/clints-inc,,"They offer premium streetwear clothing alongside their footwear, requiring reliable clothing manufacturers.","Hi Junior, Clints Inc is making huge strides in streetwear. We are Noor Layers MFG, a custom apparel manufacturer in Pakistan specializing in premium tracksuits and streetwear. Let's connect for your apparel production: https://website-bulid-six.vercel.app."
41,Halara,https://thehalara.com,USA,Women's Activewear,Travis,service@thehalara.com,https://instagram.com/halara_official,https://facebook.com/halara,https://www.linkedin.com/company/halara,,"A massive direct-to-consumer activewear brand that thrives on high-volume, quick-turnaround manufacturing.","Hi Halara Team, your activewear has taken over social media! At Noor Layers MFG in Pakistan, we manufacture high-volume custom activewear, tennis skirts, and leggings. We can offer you competitive production rates. Check us out: https://website-bulid-six.vercel.app."
